<?xml version = "1.0" encoding = "utf-8" ?>

<!--********** Copyright 2016 Roku Corp.  All Rights Reserved. **********-->

<component name = "PanelSetExample" extends = "Scene" >

  <script type = "text/brightscript" >
    <![CDATA[

    sub init()
      m.top.backgroundURI = "pkg:/images/house.jpg"

      homeId = getData("HomeId")

      if homeId <> invalid then 'MEANS A PROPERTY IS SET'
        renderPinCodeScreen()
      else
        'SET JSON FROM LOCAL FILE'
        'THIS NEEDS TO BE FOR REMOTE QUERY m.jsonAsString = ReadAsciiFile("pkg:/json/testCase" + homeId + ".json")
        m.jsonAsString = ReadAsciiFile("pkg:/json/testCase.json")
        m.jzon = ParseJSON(jsonAsString)
        renderHomeScreen()
      end if 
    end sub

    sub renderPinCodeScreen(message=invalid)
        if message <> invalid then
          pinMessage = m.top.findNode("pinMessage")
          pinMessage.text = message
        end if
        
      'SETUP PIN LABEL'
        pinLabel = m.top.findNode("pinLabel")
        pinLabelrect = pinLabel.boundingRect()
        centerx = (1280 - pinLabelrect.width) / 2
        centery = (720 - pinLabelrect.height) / 2
        pinLabel.translation = [ centerx, centery ]
        m.code = (1000 + Rnd(8999)).ToStr()
        pinLabel.text = m.code

      'OBSERVE LINK BUTTON TO CHECK URL'
        m.pinAttemptLink = m.top.findNode("pinAttemptLink")
        m.pinAttemptLink.observeField("buttonSelected", "attemptLink")
        m.pinAttemptLink.setFocus(true)

      'RENDER VIEW'
        m.pinCodeScreen = m.top.findNode("pinCodeScreen")
        m.pinCodeScreen.visible = true
    end sub
    
    sub attemptLink
      'THIS NEEDS TO BE FOR REMOTE QUERY jsonAsString = ReadAsciiFile("pkg:/json/checkAuth.json/"+ m.code)
      jsonAsString = ReadAsciiFile("pkg:/json/auth.json")
      authCheck = ParseJSON(jsonAsString)
      if authCheck.authed = 0 then
        m.pinCodeScreen.visible = false
        setData("HomeId", authCheck.homeId)
        renderHomeScreen()
      else
        renderPinCodeScreen("Invalid Pin. Please Try Again.")
      end if
    end sub

    'THESE ARE DATA STORAGE SET/GETTERS'
    Function GetData( key as String) As Dynamic
      sec = CreateObject("roRegistrySection", "Authentication")
      if sec.Exists(key)
        return sec.Read(key)
      endif
      return invalid
    End Function

    Function SetData(key As String, storedValue As String)
      sec = CreateObject("roRegistrySection", "Authentication")
      sec.Write(key, storedValue)
      'sec.Write("Username", "wonder")
      sec.Flush() 'THIS LINE IS WHAT SAVES VALUES'
      return "set " + userToken
    End Function

    Function DeleteData(key As String)
      sec = CreateObject("roRegistrySection", "Authentication")
      sec.Delete(key)
      'sec.Write("Username", "wonder")
      'sec.Flush() 'THIS LINE IS WHAT SAVES VALUES'
      return "delete " + userToken
    End Function
    
    Function onKeyEvent(key as String, press as Boolean)
      handled = false

      if press
          if key = "back"
            'if (m.panelset.visible = true)
            '  m.panelset.visible = false
            'else
            '  m.panelset.visible = true
            '  m.listpanel.setFocus(true)
            'endif
            ''DISPLAY HOME GROUP'
            'if (m.hombe.visible = true)
            '  m.hombe.visible = false
            'else
            '  m.hombe.visible = true
            '  m.bob.setFocus(true)
            'endif
          end if
      end if

      return handled
    end Function



    ]]>

  </script>

  <children>
    <Group id="greeting" visible="true">
      <LayoutGroup>
        <Label 
          id = "greetingHello" 
          text= "Welcome to NewCo"
          />
      </LayoutGroup>
    </Group>
    'BELOW HERE IS IN PROGRESS'
    <Group 
      id="pinCodeScreen"
      visible="false"
      >
      <LayoutGroup>
        <Label 
          id = "pinMessage" 
          />
        <Label 
          id = "pinLabel" 
          />
        <Label 
          id = "pinInstructions" 
          text= "Visit newco.com/link and add this pin to your property"
          />
      </LayoutGroup>
      <LayoutGroup>
        <Button id="pinAttemptLink" />
      </LayoutGroup>
    </Group>

  </children>
</component>
