{
	"profile":"json time!",
	"Arr" : [
		{"title": "shi"}, 
		{"title":"sthere"}, 
		{"title":"sbugy"}
	],
	"Videos" : [
		{
			"Title" : "Jeff Han Demos his Breakthrough Touchscreen",
			"Image" : "http://rokudev.roku.com/rokudev/examples/videoplayer/images/JeffHan.jpg",
			"Url"	: "http://video.ted.com/talks/podcast/JeffHan_2006_480.mp4"
		},
		{
			"Title" : "David Kelley on Human-Centered Design",
			"Image" : "http://rokudev.roku.com/rokudev/examples/videoplayer/images/DavidKelley.jpg",
			"Url"	: "http://video.ted.com/talks/podcast/DavidKelley_2002_480.mp4"
		},
		{
			"Title" : "Imogen Heap Plays 'Wait It Out'",
			"Image" : "http://rokudev.roku.com/rokudev/examples/videoplayer/images/ImogenHeap.jpg",
			"Url"	: "http://video.ted.com/talks/podcast/ImogenHeap_WaitItOut_2009G_480.mp4"
		},
		{
			"Title" : "Naturally 7 Beatboxes a Whole Band",
			"Image" : "http://rokudev.roku.com/rokudev/examples/videoplayer/images/Naturally7.jpg",
			"Url"	: "http://video.ted.com/talks/podcast/Naturally7FLYBABY_2009_480.mp4"
		},		
		{
			"Title" : "Juan Enriquez Wants to Grow Energy",
			"Image" : "http://rokudev.roku.com/rokudev/examples/videoplayer/images/JuanEnriquez.jpg",
			"Url"	: "http://video.ted.com/talks/podcast/JuanEnriquez_2007S_480.mp4"
		}				
	]
}